<?xml version="1.0" encoding="utf-8"?>
<navigation>
  <navigation_entry navigation_id="OpenXBL" display_order="700" navigation_type_id="basic" enabled="1"><![CDATA[{"link":"{{ link('openxbl\/leaderboards\/gamerscore') }}","display_condition":"","extra_attributes":[]}]]></navigation_entry>
  <navigation_entry navigation_id="OpenXBLGameClips" parent_navigation_id="OpenXBL" display_order="300" navigation_type_id="basic" enabled="1"><![CDATA[{"link":"{{ link('openxbl\/dvr\/game-clips') }}","display_condition":"","extra_attributes":[]}]]></navigation_entry>
  <navigation_entry navigation_id="OpenXBLScreenshots" parent_navigation_id="OpenXBL" display_order="400" navigation_type_id="basic" enabled="1"><![CDATA[{"link":"{{ link('openxbl\/dvr\/screenshots') }}","display_condition":"","extra_attributes":[]}]]></navigation_entry>
  <navigation_entry navigation_id="OpenXBLShowcase" parent_navigation_id="OpenXBL" display_order="200" navigation_type_id="basic" enabled="1"><![CDATA[{"link":"{{ link('openxbl\/dvr\/showcase') }}","display_condition":"","extra_attributes":[]}]]></navigation_entry>
  <navigation_entry navigation_id="OpenXBLeaderboards" parent_navigation_id="OpenXBL" display_order="100" navigation_type_id="basic" enabled="1"><![CDATA[{"link":"{{ link('openxbl\/leaderboards\/gamerscore') }}","display_condition":"","extra_attributes":[]}]]></navigation_entry>
  <navigation_entry navigation_id="OpenXBLeaderboardsGamerscore" parent_navigation_id="OpenXBLeaderboards" display_order="100" navigation_type_id="basic" enabled="1"><![CDATA[{"link":"{{ link('openxbl\/leaderboards\/gamerscore') }}","display_condition":"","extra_attributes":[]}]]></navigation_entry>
  <navigation_entry navigation_id="OpenXBLeaderboardsGames" parent_navigation_id="OpenXBLeaderboards" display_order="200" navigation_type_id="basic" enabled="1"><![CDATA[{"link":"{{ link('openxbl\/leaderboards\/games') }}","display_condition":"","extra_attributes":[]}]]></navigation_entry>
</navigation>
