{
    "legacy_addon_id": "OpenXBL",
    "title": "OpenXBL",
    "description": "An Xbox Live add-on for XenForo",
    "version_id": 1000010,
    "version_string": "1.0.0 Alpha",
    "dev": "TACTICS",
    "dev_url": "https://xbl.io",
    "faq_url": "",
    "support_url": "",
    "extra_urls": [],
    "require": {
        "XF": [
            2000010,
            "XenForo 2.0.0+"
        ],
        "php": [
            "5.4.0",
            "PHP 5.4.0+"
        ]
    },
    "icon": "icon.png"
}