{
    "src/addons/OpenXBL/addon.json": "5ddfcad683102fbca060718ca84cec480ae1665329376a688f4fef9d266c5514",
    "src/addons/OpenXBL/Api.php": "683aba78fbf723e6e450ab5e114499bd8761089e6f9bcf08ddedfe8ba683f099",
    "src/addons/OpenXBL/cacert.pem": "89727441dfb78eb338ce9f68af9be91e0e4857a5c8646bdd9f5ab1edb1b8ac0a",
    "src/addons/OpenXBL/ConnectedAccount/Provider/OpenXBL.php": "d912de5fb2efe1ad993b453d89e54b774cfcb606ff8f08dd445f447a16ab1c23",
    "src/addons/OpenXBL/ConnectedAccount/ProviderData/OpenXBL.php": "0eb42e20f2bea79a039687607f5f23dfd5b7f3885bf0c30bde496f252f3cd52d",
    "src/addons/OpenXBL/Cron/leaderboard.log": "ffb987d5aa1d7681bdf0c3bfe6e6dc5b81504825f4439889ad9e948019dfa8d3",
    "src/addons/OpenXBL/Cron/Leaderboards.php": "1d0ebb46213902565ea9ac30df8fa36e5fc28cfca01dedaede8b7950d7373a35",
    "src/addons/OpenXBL/Entity/DVR.php": "2e1f2536fbfe3d077079a89d41aa2f8a65d367b36bef72b969fda9cc6426ab6c",
    "src/addons/OpenXBL/Entity/Games.php": "02288188bdff4c7f9daa040418a5ce94bdb773ea7878abb0976ef45ad69ffb77",
    "src/addons/OpenXBL/Entity/UserGames.php": "468408661cbb03e926889e69a80eaddcee997c2a95629e1c77503262d14ad934",
    "src/addons/OpenXBL/Finder/DVR.php": "a6f0f3f9d411ccff1d849262e8bb1fedd255c4f0dd1ecdb6da0e786d6f070999",
    "src/addons/OpenXBL/Finder/UserGames.php": "a0f54d2e68fbcbf0461a0ad9342e2444643b0317d78b8a13af1a93cb2ecf3854",
    "src/addons/OpenXBL/icon.png": "f03ca207b944b3f6d7074f1b55bfaedd61b1ed74a441621bd55cfd6e0a55958d",
    "src/addons/OpenXBL/Job/Leaderboards.php": "109cd2ce0e06a3fd302b2eb92208acfb59f7f0a1331e9bef3bcd0cd8b680e819",
    "src/addons/OpenXBL/Pub/Controller/DVR.php": "d364e9446bb40fe7903b2c907a213b1e077fa2cd2809c4c0c6af7f36ec79b8bb",
    "src/addons/OpenXBL/Pub/Controller/Friends.php": "c25f195200f56dc5d708197464cb5849f0ae7cd849831a74f887dd8869852f7f",
    "src/addons/OpenXBL/Pub/Controller/Leaderboards.php": "1a173654e4bf4323f816b60627ae0839370525a581c1fdb59cc7311f5ce41333",
    "src/addons/OpenXBL/Pub/Controller/Member.php": "275fe36221443cf5cdde78417606ea419d54b21654af3584443b1ad060e85b4d",
    "src/addons/OpenXBL/Repository/DVR.php": "d0ca24b5b51b657ec05d00a043314e0d76376a59dddcec6220144fd83a861abe",
    "src/addons/OpenXBL/Repository/Games.php": "6af2886955e87b941feb5da20b547177850c4321ab1648343dfaf3941f72b111",
    "src/addons/OpenXBL/Service/LeaderboardService.php": "ae591bdac0d50f79bd69b14b3490cd64470165b264c54fc950318812a6253125",
    "src/addons/OpenXBL/Setup.php": "2e07745e73db7d0ccc1020a1a00df246b715155cf54927526b503d3f529e9227",
    "src/addons/OpenXBL/_data/cron.xml": "fa96851401c905842f18a59048d7bb4b8e928c025a9ff1f23e66afcd553790e7",
    "src/addons/OpenXBL/_data/navigation.xml": "18cec86d9c7e2065f358da374cbdb355b80c3fc76917eff8b546eb79977208d1",
    "src/addons/OpenXBL/_data/options.xml": "dc54465e56c0cd84b76f59b1a3d164133293d6fa89e3d7dc29161de063171cb6",
    "src/addons/OpenXBL/_data/option_groups.xml": "eee896bf6f3984f3bf74090a9c91423e3b90a730e818456268c67d65d66d5ce7",
    "src/addons/OpenXBL/_data/permissions.xml": "2940239a1660c5957490021604575a24bd241aa0eea60122028bdcc121b53de5",
    "src/addons/OpenXBL/_data/permission_interface_groups.xml": "b890b9b779f6a3005fd25c85e022a08328d0fd7b425c725aefb890db109d0a7f",
    "src/addons/OpenXBL/_data/phrases.xml": "b15344fd7addc3329c683847bb93b3e2b47d3c91c63af94f177ec2393ca341e9",
    "src/addons/OpenXBL/_data/routes.xml": "52cf4e1b22005016e8e5be9e71756877484247e92dc36e69c893ea8296d6ac1d",
    "src/addons/OpenXBL/_data/templates.xml": "276a722a9621edd6ae0a10083de1cf9686c1129d5a70df644306d5776e3aa5f7",
    "src/addons/OpenXBL/_data/template_modifications.xml": "36dd1fd83d36100f6e5de2e2eef98234f1df6158d25b5ded3803d3a760a36dc2",
    "src/addons/OpenXBL/_data/widget_positions.xml": "7d6d4d37e9b26e74eb89d36fea6c2c9479318be5aa1fe94ca614cff0da4538b0"
}